Company Name,Skills Required,More Information
alliance recruitment agency,"c#  ,  css  ,  .net developer  ,  director  ,  vb.net  ,  windows  ,  javascript  ,  asp.net  ,  html",https://www.timesjobs.com/job-detail/programmer-alliance-recruitment-agency-ahmedabad-0-to-3-yrs-jobid-KAG8mZiGH8hzpSvf__PLUS__uAgZw==&source=srp
NUWARE SYSTEMS PVT LTD,"information technology  ,  java  ,  c#  ,  database programming  ,  .net  ,  algorithms  ,  data mining  ,  sql coding  ,  sql  ,  it management  ,  database  ,  security  ,  linux  ,  perl  ,  san  ,  problem solving  ,  team player  ,  production support",https://www.timesjobs.com/job-detail/programmer-nuware-systems-pvt-ltd-bengaluru-bangalore-3-to-5-yrs-jobid-R7l1a2ClSjlzpSvf__PLUS__uAgZw==&source=srp
full potential solutions,"soa  ,  programmer analyst  ,  java  ,  xml  ,  software packages  ,  j2ee  ,  software life cycle  ,  computer programmer  ,  c#  ,  weblogic  ,  edi  ,  visual studio  ,  messaging  ,  hl7  ,  service oriented architecture  ,  forms",https://www.timesjobs.com/job-detail/computer-programmer-programmer-analyst-full-potential-solutions-7-to-10-yrs-jobid-isQ4EsaupMVzpSvf__PLUS__uAgZw==&source=srp
2SOFT SOLUTIONS PVT LTD,"css  ,  sql server development  ,  senior programmer  ,  ado.net  ,  sql  ,  database  ,  asp.net  ,  html  ,  c#  ,  javascript",https://www.timesjobs.com/job-detail/senior-programmer-and-programmer-worli-2soft-solutions-pvt-ltd-mumbai-2-to-6-yrs-jobid-cwisFybSvrNzpSvf__PLUS__uAgZw==&source=srp
vcarve rcm private limited,"programmer analyst  ,  etl  ,  ssis",https://www.timesjobs.com/job-detail/programmer-analyst-vcarve-rcm-private-limited-1-to-4-yrs-jobid-3vJBTAZsLyxzpSvf__PLUS__uAgZw==&source=srp
Berkshire Solutions India Pvt. Ltd,"AIV application  ,  application through  ,  Software Programmer",https://www.timesjobs.com/job-detail/software-programmer-berkshire-solutions-india-pvt-ltd-vadodara-2-to-5-yrs-jobid-d7NZpab5bRBzpSvf__PLUS__uAgZw==&source=srp
"FLARIAL SERVICES LLP
     (More Jobs)","Programmer  ,  software developer  ,  flash developer  ,  Web Based Development J2EE  ,  HTML Developer  ,  EDP Programmer  ,  Computer Programmer",https://www.timesjobs.com/job-detail/programmer-analyst-flarial-international-company-australia-canada-singapore-4-to-9-yrs-jobid-DhDnHs0U3VhzpSvf__PLUS__uAgZw==&source=srp
kerala infotech,"database  ,  codeigniter  ,  php  ,  html  ,  php programmer",https://www.timesjobs.com/job-detail/php-programmer-kerala-infotech-thrissur-1-to-4-yrs-jobid-08QnD4WEXaFzpSvf__PLUS__uAgZw==&source=srp
ceredox technologies,"charts  ,  c    ,  coding  ,  java  ,  design patterns  ,  software engineering  ,  computer programmer  ,  software development  ,  application architecture",https://www.timesjobs.com/job-detail/computer-programmer-ceredox-technologies-canada-5-to-8-yrs-jobid-wumHGKwGlD5zpSvf__PLUS__uAgZw==&source=srp
TandA HR Solutions,"ladder logic  ,  plc programmer  ,  plc  ,  panel wiring  ,  commissioning",https://www.timesjobs.com/job-detail/plc-programmer-tanda-hr-solutions-mohali-2-to-4-yrs-jobid-zLs1Comxu6pzpSvf__PLUS__uAgZw==&source=srp
Aadya IT Solutions,"wordpress  ,  drupal  ,  asp.net  ,  php  ,  joomla  ,  mysql  ,  html  ,  php programmer  ,  ajax  ,  asp",https://www.timesjobs.com/job-detail/php-programmer-aadya-it-solutions-mysoru-mysore-1-to-4-yrs-jobid-d3tWE1Kh4zlzpSvf__PLUS__uAgZw==&source=srp
official gates technologies private limited,"css  ,  laravel  ,  wordpress  ,  joomla  ,  ajax  ,  javascript  ,  jquery  ,  drupal  ,  xml  ,  codeigniter  ,  php  ,  mysql  ,  html  ,  mvc  ,  php programmer",https://www.timesjobs.com/job-detail/php-programmer-official-gates-technologies-private-limited-chennai-0-to-5-yrs-jobid-04y7JTbg2RpzpSvf__PLUS__uAgZw==&source=srp
InfoBridge,"rdbms  ,  oracle  ,  wordpress  ,  joomla  ,  mvc architecture  ,  ruby  ,  oops  ,  php  ,  mysql  ,  php programmer",https://www.timesjobs.com/job-detail/php-programmer-infobridge-pune-1-to-4-yrs-jobid-Du34ICWc__SLASH__exzpSvf__PLUS__uAgZw==&source=srp
tripat infoways,"lamp  ,  ajax  ,  java  ,  apache  ,  php  ,  mysql  ,  html  ,  web development  ,  website development  ,  technical skills  ,  php programmer",https://www.timesjobs.com/job-detail/php-programmer-tripat-infoways-ludhiana-1-to-3-yrs-jobid-MlT0ArCMmNNzpSvf__PLUS__uAgZw==&source=srp
rencata,"soa  ,  software design  ,  sql  ,  xml  ,  asp.net  ,  web api  ,  html  ,  computer programmer  ,  middleware  ,  visual studio  ,  written communication  ,  .net",https://www.timesjobs.com/job-detail/computer-programmer-rencata-9-to-12-yrs-jobid-PW7BYcgGMEVzpSvf__PLUS__uAgZw==&source=srp
Tekskills India Pvt Ltd,"front end  ,  information technology  ,  application design  ,  programmer analyst  ,  unit testing  ,  project delivery",https://www.timesjobs.com/job-detail/programmer-analyst-tekskills-india-pvt-ltd-0-to-3-yrs-jobid-7Xi1MVsc7VlzpSvf__PLUS__uAgZw==&source=srp
expro informatics india private limited,"fundamentals  ,  css  ,  jsp  ,  hibernate  ,  ajax  ,  javascript  ,  jquery  ,  spring  ,  java  ,  java programmer  ,  struts  ,  j2ee  ,  servlets  ,  html",https://www.timesjobs.com/job-detail/java-programmer-expro-informatics-india-private-limited-hyderabad-secunderabad-2-to-4-yrs-jobid-Whvq4YJ0S7RzpSvf__PLUS__uAgZw==&source=srp
